﻿<?xml version="1.0" encoding="utf-8"?><Gateway><properties><property Name="AmsNetId" Type="string">local</property><property Name="Port" Type="int">851</property><property Name="Version" Type="string">2.2.0.0</property></properties><signals><signal Name="GVL_Motor_Interfaces.Motor1.bFwd"><property Name="Address" Type="string" Hidden="false"></property><property Name="DataType" Type="string" Hidden="false">BOOL</property><property Name="Scaling" Type="string" Hidden="true"></property><property Name="Caption" Type="string" Hidden="false">GVL_Motor_Interfaces.Motor1.bFwd</property><property Name="Name" Type="string" Hidden="false">GVL_Motor_Interfaces.Motor1.bFwd</property><property Name="IsInput" Type="bool" Hidden="false">false</property><property Name="IsOutput" Type="bool" Hidden="false">true</property><property Name="IsBinary" Type="bool" Hidden="false">true</property><property Name="IsInteger" Type="bool" Hidden="false">false</property><property Name="IsAnalog" Type="bool" Hidden="false">false</property><property Name="SignalDefault" Type="bool" Hidden="false">false</property><property Name="IsEditingEnabled" Type="bool" Hidden="false">false</property><property Name="Index" Type="int" Hidden="false">0</property></signal><signal Name="GVL_Motor_Interfaces.Motor1.bRev"><property Name="Address" Type="string" Hidden="false"></property><property Name="DataType" Type="string" Hidden="false">BOOL</property><property Name="Scaling" Type="string" Hidden="true"></property><property Name="Caption" Type="string" Hidden="false">GVL_Motor_Interfaces.Motor1.bRev</property><property Name="Name" Type="string" Hidden="false">GVL_Motor_Interfaces.Motor1.bRev</property><property Name="IsInput" Type="bool" Hidden="false">false</property><property Name="IsOutput" Type="bool" Hidden="false">true</property><property Name="IsBinary" Type="bool" Hidden="false">true</property><property Name="IsInteger" Type="bool" Hidden="false">false</property><property Name="IsAnalog" Type="bool" Hidden="false">false</property><property Name="SignalDefault" Type="bool" Hidden="false">false</property><property Name="IsEditingEnabled" Type="bool" Hidden="false">false</property><property Name="Index" Type="int" Hidden="false">1</property></signal><signal Name="GVL_Motor_Interfaces.Motor1.r32T_Up"><property Name="Address" Type="string" Hidden="false"></property><property Name="DataType" Type="string" Hidden="false">REAL</property><property Name="Scaling" Type="string" Hidden="false"></property><property Name="Caption" Type="string" Hidden="false">GVL_Motor_Interfaces.Motor1.r32T_Up</property><property Name="Name" Type="string" Hidden="false">GVL_Motor_Interfaces.Motor1.r32T_Up</property><property Name="IsInput" Type="bool" Hidden="false">false</property><property Name="IsOutput" Type="bool" Hidden="false">true</property><property Name="IsBinary" Type="bool" Hidden="false">false</property><property Name="IsInteger" Type="bool" Hidden="false">false</property><property Name="IsAnalog" Type="bool" Hidden="false">true</property><property Name="SignalDefault" Type="double" Hidden="false">0.0</property><property Name="IsEditingEnabled" Type="bool" Hidden="false">false</property><property Name="Index" Type="int" Hidden="false">0</property></signal><signal Name="GVL_Motor_Interfaces.Motor1.r32T_Down"><property Name="Address" Type="string" Hidden="false"></property><property Name="DataType" Type="string" Hidden="false">REAL</property><property Name="Scaling" Type="string" Hidden="false"></property><property Name="Caption" Type="string" Hidden="false">GVL_Motor_Interfaces.Motor1.r32T_Down</property><property Name="Name" Type="string" Hidden="false">GVL_Motor_Interfaces.Motor1.r32T_Down</property><property Name="IsInput" Type="bool" Hidden="false">false</property><property Name="IsOutput" Type="bool" Hidden="false">true</property><property Name="IsBinary" Type="bool" Hidden="false">false</property><property Name="IsInteger" Type="bool" Hidden="false">false</property><property Name="IsAnalog" Type="bool" Hidden="false">true</property><property Name="SignalDefault" Type="double" Hidden="false">0.0</property><property Name="IsEditingEnabled" Type="bool" Hidden="false">false</property><property Name="Index" Type="int" Hidden="false">1</property></signal><signal Name="GVL_Motor_Interfaces.Motor1.r32Setpoint"><property Name="Address" Type="string" Hidden="false"></property><property Name="DataType" Type="string" Hidden="false">REAL</property><property Name="Scaling" Type="string" Hidden="false"></property><property Name="Caption" Type="string" Hidden="false">GVL_Motor_Interfaces.Motor1.r32Setpoint</property><property Name="Name" Type="string" Hidden="false">GVL_Motor_Interfaces.Motor1.r32Setpoint</property><property Name="IsInput" Type="bool" Hidden="false">false</property><property Name="IsOutput" Type="bool" Hidden="false">true</property><property Name="IsBinary" Type="bool" Hidden="false">false</property><property Name="IsInteger" Type="bool" Hidden="false">false</property><property Name="IsAnalog" Type="bool" Hidden="false">true</property><property Name="SignalDefault" Type="double" Hidden="false">0.0</property><property Name="IsEditingEnabled" Type="bool" Hidden="false">false</property><property Name="Index" Type="int" Hidden="false">2</property></signal><signal Name="GVL_Motor_Interfaces.Motor1.r32Y"><property Name="Address" Type="string" Hidden="false"></property><property Name="DataType" Type="string" Hidden="false">REAL</property><property Name="Scaling" Type="string" Hidden="false"></property><property Name="Caption" Type="string" Hidden="false">GVL_Motor_Interfaces.Motor1.r32Y</property><property Name="Name" Type="string" Hidden="false">GVL_Motor_Interfaces.Motor1.r32Y</property><property Name="IsInput" Type="bool" Hidden="false">true</property><property Name="IsOutput" Type="bool" Hidden="false">false</property><property Name="IsBinary" Type="bool" Hidden="false">false</property><property Name="IsInteger" Type="bool" Hidden="false">false</property><property Name="IsAnalog" Type="bool" Hidden="false">true</property><property Name="SignalDefault" Type="double" Hidden="false">0.0</property><property Name="IsEditingEnabled" Type="bool" Hidden="false">false</property><property Name="Index" Type="int" Hidden="false">0</property></signal><signal Name="GVL_Motor_Interfaces.Motor1.bTrip"><property Name="Address" Type="string" Hidden="false"></property><property Name="DataType" Type="string" Hidden="false">BOOL</property><property Name="Scaling" Type="string" Hidden="true"></property><property Name="Caption" Type="string" Hidden="false">GVL_Motor_Interfaces.Motor1.bTrip</property><property Name="Name" Type="string" Hidden="false">GVL_Motor_Interfaces.Motor1.bTrip</property><property Name="IsInput" Type="bool" Hidden="false">true</property><property Name="IsOutput" Type="bool" Hidden="false">false</property><property Name="IsBinary" Type="bool" Hidden="false">true</property><property Name="IsInteger" Type="bool" Hidden="false">false</property><property Name="IsAnalog" Type="bool" Hidden="false">false</property><property Name="SignalDefault" Type="bool" Hidden="false">false</property><property Name="IsEditingEnabled" Type="bool" Hidden="false">false</property><property Name="Index" Type="int" Hidden="false">0</property></signal><signal Name="GVL_Motor_Interfaces.Motor1.bMaint"><property Name="Address" Type="string" Hidden="false"></property><property Name="DataType" Type="string" Hidden="false">BOOL</property><property Name="Scaling" Type="string" Hidden="true"></property><property Name="Caption" Type="string" Hidden="false">GVL_Motor_Interfaces.Motor1.bMaint</property><property Name="Name" Type="string" Hidden="false">GVL_Motor_Interfaces.Motor1.bMaint</property><property Name="IsInput" Type="bool" Hidden="false">true</property><property Name="IsOutput" Type="bool" Hidden="false">false</property><property Name="IsBinary" Type="bool" Hidden="false">true</property><property Name="IsInteger" Type="bool" Hidden="false">false</property><property Name="IsAnalog" Type="bool" Hidden="false">false</property><property Name="SignalDefault" Type="bool" Hidden="false">false</property><property Name="IsEditingEnabled" Type="bool" Hidden="false">false</property><property Name="Index" Type="int" Hidden="false">1</property></signal><signal Name="GVL_Motor_Interfaces.Motor1.bStopLocal"><property Name="Address" Type="string" Hidden="false"></property><property Name="DataType" Type="string" Hidden="false">BOOL</property><property Name="Scaling" Type="string" Hidden="true"></property><property Name="Caption" Type="string" Hidden="false">GVL_Motor_Interfaces.Motor1.bStopLocal</property><property Name="Name" Type="string" Hidden="false">GVL_Motor_Interfaces.Motor1.bStopLocal</property><property Name="IsInput" Type="bool" Hidden="false">true</property><property Name="IsOutput" Type="bool" Hidden="false">false</property><property Name="IsBinary" Type="bool" Hidden="false">true</property><property Name="IsInteger" Type="bool" Hidden="false">false</property><property Name="IsAnalog" Type="bool" Hidden="false">false</property><property Name="SignalDefault" Type="bool" Hidden="false">false</property><property Name="IsEditingEnabled" Type="bool" Hidden="false">false</property><property Name="Index" Type="int" Hidden="false">2</property></signal><signal Name="GVL_Motor_Interfaces.Motor1.bRevLocal"><property Name="Address" Type="string" Hidden="false"></property><property Name="DataType" Type="string" Hidden="false">BOOL</property><property Name="Scaling" Type="string" Hidden="true"></property><property Name="Caption" Type="string" Hidden="false">GVL_Motor_Interfaces.Motor1.bRevLocal</property><property Name="Name" Type="string" Hidden="false">GVL_Motor_Interfaces.Motor1.bRevLocal</property><property Name="IsInput" Type="bool" Hidden="false">true</property><property Name="IsOutput" Type="bool" Hidden="false">false</property><property Name="IsBinary" Type="bool" Hidden="false">true</property><property Name="IsInteger" Type="bool" Hidden="false">false</property><property Name="IsAnalog" Type="bool" Hidden="false">false</property><property Name="SignalDefault" Type="bool" Hidden="false">false</property><property Name="IsEditingEnabled" Type="bool" Hidden="false">false</property><property Name="Index" Type="int" Hidden="false">3</property></signal><signal Name="GVL_Motor_Interfaces.Motor1.bFwdLocal"><property Name="Address" Type="string" Hidden="false"></property><property Name="DataType" Type="string" Hidden="false">BOOL</property><property Name="Scaling" Type="string" Hidden="true"></property><property Name="Caption" Type="string" Hidden="false">GVL_Motor_Interfaces.Motor1.bFwdLocal</property><property Name="Name" Type="string" Hidden="false">GVL_Motor_Interfaces.Motor1.bFwdLocal</property><property Name="IsInput" Type="bool" Hidden="false">true</property><property Name="IsOutput" Type="bool" Hidden="false">false</property><property Name="IsBinary" Type="bool" Hidden="false">true</property><property Name="IsInteger" Type="bool" Hidden="false">false</property><property Name="IsAnalog" Type="bool" Hidden="false">false</property><property Name="SignalDefault" Type="bool" Hidden="false">false</property><property Name="IsEditingEnabled" Type="bool" Hidden="false">false</property><property Name="Index" Type="int" Hidden="false">4</property></signal><signal Name="GVL_Motor_Interfaces.Motor1.bLocal"><property Name="Address" Type="string" Hidden="false"></property><property Name="DataType" Type="string" Hidden="false">BOOL</property><property Name="Scaling" Type="string" Hidden="true"></property><property Name="Caption" Type="string" Hidden="false">GVL_Motor_Interfaces.Motor1.bLocal</property><property Name="Name" Type="string" Hidden="false">GVL_Motor_Interfaces.Motor1.bLocal</property><property Name="IsInput" Type="bool" Hidden="false">true</property><property Name="IsOutput" Type="bool" Hidden="false">false</property><property Name="IsBinary" Type="bool" Hidden="false">true</property><property Name="IsInteger" Type="bool" Hidden="false">false</property><property Name="IsAnalog" Type="bool" Hidden="false">false</property><property Name="SignalDefault" Type="bool" Hidden="false">false</property><property Name="IsEditingEnabled" Type="bool" Hidden="false">false</property><property Name="Index" Type="int" Hidden="false">5</property></signal><signal Name="GVL_Motor_Interfaces.Motor1.bFbkOff"><property Name="Address" Type="string" Hidden="false"></property><property Name="DataType" Type="string" Hidden="false">BOOL</property><property Name="Scaling" Type="string" Hidden="true"></property><property Name="Caption" Type="string" Hidden="false">GVL_Motor_Interfaces.Motor1.bFbkOff</property><property Name="Name" Type="string" Hidden="false">GVL_Motor_Interfaces.Motor1.bFbkOff</property><property Name="IsInput" Type="bool" Hidden="false">true</property><property Name="IsOutput" Type="bool" Hidden="false">false</property><property Name="IsBinary" Type="bool" Hidden="false">true</property><property Name="IsInteger" Type="bool" Hidden="false">false</property><property Name="IsAnalog" Type="bool" Hidden="false">false</property><property Name="SignalDefault" Type="bool" Hidden="false">false</property><property Name="IsEditingEnabled" Type="bool" Hidden="false">false</property><property Name="Index" Type="int" Hidden="false">6</property></signal><signal Name="GVL_Motor_Interfaces.Motor1.bFbkFwd"><property Name="Address" Type="string" Hidden="false"></property><property Name="DataType" Type="string" Hidden="false">BOOL</property><property Name="Scaling" Type="string" Hidden="true"></property><property Name="Caption" Type="string" Hidden="false">GVL_Motor_Interfaces.Motor1.bFbkFwd</property><property Name="Name" Type="string" Hidden="false">GVL_Motor_Interfaces.Motor1.bFbkFwd</property><property Name="IsInput" Type="bool" Hidden="false">true</property><property Name="IsOutput" Type="bool" Hidden="false">false</property><property Name="IsBinary" Type="bool" Hidden="false">true</property><property Name="IsInteger" Type="bool" Hidden="false">false</property><property Name="IsAnalog" Type="bool" Hidden="false">false</property><property Name="SignalDefault" Type="bool" Hidden="false">false</property><property Name="IsEditingEnabled" Type="bool" Hidden="false">false</property><property Name="Index" Type="int" Hidden="false">7</property></signal><signal Name="GVL_Motor_Interfaces.Motor1.bFbkRev"><property Name="Address" Type="string" Hidden="false"></property><property Name="DataType" Type="string" Hidden="false">BOOL</property><property Name="Scaling" Type="string" Hidden="true"></property><property Name="Caption" Type="string" Hidden="false">GVL_Motor_Interfaces.Motor1.bFbkRev</property><property Name="Name" Type="string" Hidden="false">GVL_Motor_Interfaces.Motor1.bFbkRev</property><property Name="IsInput" Type="bool" Hidden="false">true</property><property Name="IsOutput" Type="bool" Hidden="false">false</property><property Name="IsBinary" Type="bool" Hidden="false">true</property><property Name="IsInteger" Type="bool" Hidden="false">false</property><property Name="IsAnalog" Type="bool" Hidden="false">false</property><property Name="SignalDefault" Type="bool" Hidden="false">false</property><property Name="IsEditingEnabled" Type="bool" Hidden="false">false</property><property Name="Index" Type="int" Hidden="false">8</property></signal></signals><nodes /></Gateway>