<?xml version="1.0"?>
<SignalTable xmlns:xsi="http://www.w3.org/2001/XMLSchema-instance" xmlns:xsd="http://www.w3.org/2001/XMLSchema">
  <TcVariables>
    <TcVariable Name="GVL_Motor_Interfaces.Motor1.r32Y" DataType="REAL" Direction="IN" />
    <TcVariable Name="GVL_Motor_Interfaces.Motor1.bTrip" DataType="BOOL" Direction="IN" />
    <TcVariable Name="GVL_Motor_Interfaces.Motor1.bMaint" DataType="BOOL" Direction="IN" />
    <TcVariable Name="GVL_Motor_Interfaces.Motor1.bStopLocal" DataType="BOOL" Direction="IN" />
    <TcVariable Name="GVL_Motor_Interfaces.Motor1.bRevLocal" DataType="BOOL" Direction="IN" />
    <TcVariable Name="GVL_Motor_Interfaces.Motor1.bFwdLocal" DataType="BOOL" Direction="IN" />
    <TcVariable Name="GVL_Motor_Interfaces.Motor1.bLocal" DataType="BOOL" Direction="IN" />
    <TcVariable Name="GVL_Motor_Interfaces.Motor1.bFbkOff" DataType="BOOL" Direction="IN" />
    <TcVariable Name="GVL_Motor_Interfaces.Motor1.bFbkFwd" DataType="BOOL" Direction="IN" />
    <TcVariable Name="GVL_Motor_Interfaces.Motor1.bFbkRev" DataType="BOOL" Direction="IN" />
  </TcVariables>
</SignalTable>